{
  "eda": {
    "n": 9725,
    "intervalo": [
      2011,
      2024
    ],
    "grupos": {
      "Cannabis": 4676,
      "Cocaina": 3502,
      "Opioides": 989,
      "Estimulantes": 410,
      "Alucinogenios": 98,
      "Outras": 32,
      "Medicamentos": 18
    },
    "pct_maritimo_por_grupo": {
      "Cocaina": 4.11,
      "Cannabis": 3.93,
      "Alucinogenios": 1.02,
      "Opioides": 0.61,
      "Estimulantes": 0.0,
      "Medicamentos": 0.0,
      "Outras": 0.0
    }
  },
  "clustering": {
    "kmeans_geral_k": 4,
    "silhueta_max": 0.7493451858678168,
    "dbscan_clusters": 10,
    "zonas_patrulha": [
      {
        "centro_lat": 37.02988585130255,
        "centro_lon": -7.929383980481425,
        "n_apreensoes": 123,
        "peso": 0.5256410256410257
      },
      {
        "centro_lat": 38.631634639737136,
        "centro_lon": -8.933663849148415,
        "n_apreensoes": 87,
        "peso": 0.3717948717948718
      },
      {
        "centro_lat": 41.16574355834761,
        "centro_lon": -8.54694170787929,
        "n_apreensoes": 21,
        "peso": 0.08974358974358974
      },
      {
        "centro_lat": 41.773785474529,
        "centro_lon": -6.742364709368713,
        "n_apreensoes": 3,
        "peso": 0.01282051282051282
      }
    ],
    "centros_geral_lonlat": [
      [
        -7.489,
        40.518
      ],
      [
        -9.076,
        38.774
      ],
      [
        -7.949,
        37.282
      ],
      [
        -8.579,
        41.051
      ]
    ],
    "fuzzy_cmeans_fpc": 0.9234301676489531
  },
  "pca": {
    "var_cp1": 0.145366919603636,
    "var_cp2": 0.10459151728698726,
    "n_componentes_80pct": 10,
    "var_explicada": [
      0.1454,
      0.1046,
      0.0984,
      0.0827,
      0.0791,
      0.0771,
      0.0657,
      0.062,
      0.0573,
      0.0566
    ]
  },
  "classificacao": {
    "NB (base)": {
      "accuracy": 0.225,
      "precision": 0.042,
      "recall": 0.98,
      "f1": 0.081,
      "auc": 0.87,
      "pr_auc": 0.153,
      "cm": [
        [
          558,
          2259
        ],
        [
          2,
          99
        ]
      ]
    },
    "k-NN (base)": {
      "accuracy": 0.95,
      "precision": 0.394,
      "recall": 0.812,
      "f1": 0.531,
      "auc": 0.912,
      "pr_auc": 0.522,
      "cm": [
        [
          2691,
          126
        ],
        [
          19,
          82
        ]
      ]
    },
    "Árvore (base)": {
      "accuracy": 0.942,
      "precision": 0.341,
      "recall": 0.733,
      "f1": 0.465,
      "auc": 0.888,
      "pr_auc": 0.549,
      "cm": [
        [
          2674,
          143
        ],
        [
          27,
          74
        ]
      ]
    },
    "MLP (base)": {
      "accuracy": 0.95,
      "precision": 0.389,
      "recall": 0.802,
      "f1": 0.524,
      "auc": 0.921,
      "pr_auc": 0.673,
      "cm": [
        [
          2690,
          127
        ],
        [
          20,
          81
        ]
      ]
    },
    "NB (otim.)": {
      "accuracy": 0.225,
      "precision": 0.042,
      "recall": 0.98,
      "f1": 0.081,
      "auc": 0.9,
      "pr_auc": 0.438,
      "cm": [
        [
          558,
          2259
        ],
        [
          2,
          99
        ]
      ]
    },
    "k-NN (otim.)": {
      "accuracy": 0.963,
      "precision": 0.476,
      "recall": 0.782,
      "f1": 0.592,
      "auc": 0.913,
      "pr_auc": 0.515,
      "cm": [
        [
          2730,
          87
        ],
        [
          22,
          79
        ]
      ]
    },
    "Árvore (otim.)": {
      "accuracy": 0.965,
      "precision": 0.5,
      "recall": 0.554,
      "f1": 0.526,
      "auc": 0.769,
      "pr_auc": 0.357,
      "cm": [
        [
          2761,
          56
        ],
        [
          45,
          56
        ]
      ]
    },
    "MLP (otim.)": {
      "accuracy": 0.954,
      "precision": 0.418,
      "recall": 0.802,
      "f1": 0.549,
      "auc": 0.944,
      "pr_auc": 0.674,
      "cm": [
        [
          2704,
          113
        ],
        [
          20,
          81
        ]
      ]
    }
  },
  "validacao_cruzada": {
    "NB (otim.)": {
      "f1_media": 0.08013193816059419,
      "f1_desvio": 0.0014838717769124763,
      "auc_media": 0.8577076292930361,
      "auc_desvio": 0.05944095966413046,
      "pr_media": 0.3255540462263291,
      "pr_desvio": 0.13575216923985622
    },
    "k-NN (otim.)": {
      "f1_media": 0.5509946146188407,
      "f1_desvio": 0.03150146580874845,
      "auc_media": 0.8932140287696892,
      "auc_desvio": 0.03638964074442312,
      "pr_media": 0.48372485428130024,
      "pr_desvio": 0.06535300600519978
    },
    "Árvore (otim.)": {
      "f1_media": 0.5603272157395869,
      "f1_desvio": 0.033233813240577136,
      "auc_media": 0.7833962564250498,
      "auc_desvio": 0.03302518716998131,
      "pr_media": 0.3708143249359953,
      "pr_desvio": 0.0501641747687361
    },
    "MLP (otim.)": {
      "f1_media": 0.5512659913337101,
      "f1_desvio": 0.05345332232041801,
      "auc_media": 0.9263858700905482,
      "auc_desvio": 0.021551699042085707,
      "pr_media": 0.6249957743119625,
      "pr_desvio": 0.06909166922649841
    }
  },
  "modelo_recomendado": "MLP (otim.)",
  "hiperparametros": {
    "NB (otim.)": {
      "clf__var_smoothing": "1e-08"
    },
    "k-NN (otim.)": {
      "clf__n_neighbors": "5",
      "clf__weights": "distance"
    },
    "Árvore (otim.)": {
      "criterion": "gini",
      "max_depth": "None",
      "min_samples_leaf": "1"
    },
    "MLP (otim.)": {
      "clf__alpha": "0.0001",
      "clf__hidden_layer_sizes": "(64,)"
    }
  },
  "limiar": {
    "limiar_f1_otimo": 0.95,
    "f1_no_otimo": 0.6772486772486772,
    "recall_em_0.25": 0.8613861386138614
  },
  "fuzzy": {
    "correlacao_fuzzy_ponderado": 0.7639992139756248,
    "n_alto_risco_fuzzy": 682,
    "frota_fuzzy": 27,
    "n_sim_fuzzy": 8
  }
}